report,sys_time,sim_state,service_state,net_op_name,net_op_code,roaming,net_type,call_state,data_state,data_act,data_rx,data_tx,gsm_neighbors,umts_neighbors,lte_neighbors,cdma_neighbors,rssi_strongest,tech,mcc,mnc,lac_tac_sid,long_cid,node_id_nid,cid_bid,psc_pci,rssi,rsrq,rssi_ev,ecio_ev,rssnr,slev,ta,gps,accuracy,lat,long,altitude,speed,bearing,band,arfcn,bts_psc_pci,bts_band,bts_arfcn,site_name,cell_lat,cell_long,cell_name,azimuth,height,tilt_mech,tilt_el,
0,20200418140308,READY,IN_SERVICE,by.U-DiRumahAja,51010,0,LTE,IDLE,DISCONNECTED,NONE,0,0,1,0,2,0,-98,LTE,510,10,3942,44042018,172039,34,278,-99,-14,2147483647,2147483647,-32,2,2147483647,2,400,-7.4304881,109.2573198,0,0,0,2300,38750,null,null,null,null,,,null,null,null,null,null,
1,20200418140309,READY,IN_SERVICE,by.U-DiRumahAja,51010,0,LTE,IDLE,DISCONNECTED,NONE,0,0,1,0,2,0,-98,LTE,510,10,3942,44042018,172039,34,278,-99,-14,2147483647,2147483647,-32,2,2147483647,2,400,-7.4304881,109.2573198,0,0,0,2300,38750,null,null,null,null,,,null,null,null,null,null,
2,20200418140310,READY,IN_SERVICE,by.U-DiRumahAja,51010,0,LTE,IDLE,DISCONNECTED,NONE,0,0,1,0,2,0,-106,LTE,510,10,3942,44042018,172039,34,278,-102,-13,2147483647,2147483647,-32,2,2147483647,2,400,-7.4304881,109.2573198,0,0,0,2300,38750,null,null,null,null,,,null,null,null,null,null,
3,20200418140311,READY,IN_SERVICE,by.U-DiRumahAja,51010,0,LTE,IDLE,DISCONNECTED,NONE,0,0,1,0,2,0,-106,LTE,510,10,3942,44042018,172039,34,278,-102,-13,2147483647,2147483647,-32,2,2147483647,2,400,-7.4304881,109.2573198,0,0,0,2300,38750,null,null,null,null,,,null,null,null,null,null,
4,20200418140312,READY,IN_SERVICE,by.U-DiRumahAja,51010,0,LTE,IDLE,DISCONNECTED,NONE,0,0,1,0,1,0,-102,LTE,510,10,3942,44042018,172039,34,278,-103,-20,2147483647,2147483647,-74,2,2147483647,2,400,-7.4304881,109.2573198,0,0,0,2300,38750,null,null,null,null,,,null,null,null,null,null,
5,20200418140313,READY,IN_SERVICE,by.U-DiRumahAja,51010,0,LTE,IDLE,DISCONNECTED,NONE,0,0,1,0,1,0,-102,LTE,510,10,3942,44042018,172039,34,278,-103,-20,2147483647,2147483647,-74,2,2147483647,2,400,-7.4304881,109.2573198,0,0,0,2300,38750,null,null,null,null,,,null,null,null,null,null,
6,20200418140314,READY,IN_SERVICE,by.U-DiRumahAja,51010,0,LTE,IDLE,DISCONNECTED,NONE,0,0,1,0,1,0,-102,LTE,510,10,3942,44042018,172039,34,278,-103,-20,2147483647,2147483647,-84,2,2147483647,2,400,-7.4304881,109.2573198,0,0,0,2300,38750,null,null,null,null,,,null,null,null,null,null,
7,20200418140315,READY,IN_SERVICE,by.U-DiRumahAja,51010,0,LTE,IDLE,DISCONNECTED,NONE,0,0,1,0,2,0,-104,LTE,510,10,3942,44230178,172774,34,113,-87,-10,2147483647,2147483647,-84,3,2147483647,2,400,-7.4304881,109.2573198,0,0,0,2300,38750,null,null,null,null,,,null,null,null,null,null,
8,20200418140316,READY,IN_SERVICE,by.U-DiRumahAja,51010,0,LTE,IDLE,DISCONNECTED,NONE,0,0,1,0,2,0,-104,LTE,510,10,3942,44230178,172774,34,113,-87,-10,2147483647,2147483647,134,3,2147483647,2,400,-7.4304881,109.2573198,0,0,0,2300,38750,null,null,null,null,,,null,null,null,null,null,
9,20200418140317,READY,IN_SERVICE,by.U-DiRumahAja,51010,0,LTE,IDLE,DISCONNECTED,NONE,0,0,1,0,2,0,-104,LTE,510,10,3942,44230178,172774,34,113,-87,-10,2147483647,2147483647,134,3,2147483647,2,400,-7.4304881,109.2573198,0,0,0,2300,38750,null,null,null,null,,,null,null,null,null,null,
10,20200418140318,READY,IN_SERVICE,by.U-DiRumahAja,51010,0,LTE,IDLE,DISCONNECTED,NONE,0,0,4,0,1,0,-112,LTE,510,10,3942,44230178,172774,34,113,-98,-7,2147483647,2147483647,68,2,2147483647,2,400,-7.4304881,109.2573198,0,0,0,2300,38750,null,null,null,null,,,null,null,null,null,null,
11,20200418140319,READY,IN_SERVICE,by.U-DiRumahAja,51010,0,LTE,IDLE,DISCONNECTED,NONE,0,0,4,0,1,0,-112,LTE,510,10,3942,44230178,172774,34,113,-98,-7,2147483647,2147483647,68,2,2147483647,2,400,-7.4304881,109.2573198,0,0,0,2300,38750,null,null,null,null,,,null,null,null,null,null,
12,20200418140320,READY,IN_SERVICE,by.U-DiRumahAja,51010,0,LTE,IDLE,DISCONNECTED,NONE,0,0,4,0,1,0,-112,LTE,510,10,3942,44230178,172774,34,113,-98,-7,2147483647,2147483647,68,2,2147483647,2,699,-7.4336221,109.2591783,0,0,0,2300,38750,null,null,null,null,,,null,null,null,null,null,
13,20200418140321,READY,IN_SERVICE,by.U-DiRumahAja,51010,0,LTE,IDLE,DISCONNECTED,NONE,0,0,4,0,1,0,-104,LTE,510,10,3942,44230178,172774,34,113,-98,-9,2147483647,2147483647,68,2,2147483647,2,699,-7.4336221,109.2591783,0,0,0,2300,38750,null,null,null,null,,,null,null,null,null,null,
14,20200418140322,READY,IN_SERVICE,by.U-DiRumahAja,51010,0,LTE,IDLE,DISCONNECTED,NONE,0,0,4,0,1,0,-104,LTE,510,10,3942,44230178,172774,34,113,-98,-9,2147483647,2147483647,68,2,2147483647,2,699,-7.4336221,109.2591783,0,0,0,2300,38750,null,null,null,null,,,null,null,null,null,null,
15,20200418140323,READY,IN_SERVICE,by.U-DiRumahAja,51010,0,LTE,IDLE,DISCONNECTED,NONE,0,0,4,0,1,0,-104,LTE,510,10,3942,44230178,172774,34,113,-98,-9,2147483647,2147483647,30,2,2147483647,2,699,-7.4336221,109.2591783,0,0,0,2300,38750,null,null,null,null,,,null,null,null,null,null,
16,20200418140324,READY,IN_SERVICE,by.U-DiRumahAja,51010,0,LTE,IDLE,DISCONNECTED,NONE,0,0,4,0,1,0,-109,LTE,510,10,3942,44230178,172774,34,113,-103,-9,2147483647,2147483647,30,2,2147483647,2,699,-7.4336221,109.2591783,0,0,0,2300,38750,null,null,null,null,,,null,null,null,null,null,
17,20200418140325,READY,IN_SERVICE,by.U-DiRumahAja,51010,0,LTE,IDLE,DISCONNECTED,NONE,0,0,4,0,1,0,-109,LTE,510,10,3942,44230178,172774,34,113,-103,-9,2147483647,2147483647,30,2,2147483647,2,699,-7.4336221,109.2591783,0,0,0,2300,38750,null,null,null,null,,,null,null,null,null,null,
18,20200418140326,READY,IN_SERVICE,by.U-DiRumahAja,51010,0,LTE,IDLE,DISCONNECTED,NONE,0,0,4,0,1,0,-109,LTE,510,10,3942,44230178,172774,34,113,-103,-9,2147483647,2147483647,30,2,2147483647,2,699,-7.4336221,109.2591783,0,0,0,2300,38750,null,null,null,null,,,null,null,null,null,null,
19,20200418140327,READY,IN_SERVICE,by.U-DiRumahAja,51010,0,LTE,IDLE,DISCONNECTED,NONE,0,0,4,0,1,0,-102,LTE,510,10,3942,44230178,172774,34,113,-99,-12,2147483647,2147483647,-64,2,2147483647,2,699,-7.4336221,109.2591783,0,0,0,2300,38750,null,null,null,null,,,null,null,null,null,null,
20,20200418140328,READY,IN_SERVICE,by.U-DiRumahAja,51010,0,LTE,IDLE,DISCONNECTED,NONE,0,0,4,0,1,0,-102,LTE,510,10,3942,44230178,172774,34,113,-99,-12,2147483647,2147483647,-64,2,2147483647,2,699,-7.4336221,109.2591783,0,0,0,2300,38750,null,null,null,null,,,null,null,null,null,null,
21,20200418140329,READY,IN_SERVICE,by.U-DiRumahAja,51010,0,LTE,IDLE,DISCONNECTED,NONE,0,0,4,0,1,0,-103,LTE,510,10,3942,44230178,172774,34,113,-102,-15,2147483647,2147483647,-64,2,2147483647,2,699,-7.4336221,109.2591783,0,0,0,2300,38750,null,null,null,null,,,null,null,null,null,null,
22,20200418140330,READY,IN_SERVICE,by.U-DiRumahAja,51010,0,LTE,IDLE,DISCONNECTED,NONE,0,0,4,0,1,0,-103,LTE,510,10,3942,44230178,172774,34,113,-102,-15,2147483647,2147483647,14,2,2147483647,2,699,-7.4336221,109.2591783,0,0,0,2300,38750,null,null,null,null,,,null,null,null,null,null,
23,20200418140331,READY,IN_SERVICE,by.U-DiRumahAja,51010,0,LTE,IDLE,DISCONNECTED,NONE,0,0,4,0,1,0,-99,LTE,510,10,3942,44230178,172774,34,113,-98,-14,2147483647,2147483647,14,2,2147483647,2,699,-7.4336221,109.2591783,0,0,0,2300,38750,null,null,null,null,,,null,null,null,null,null,
24,20200418140332,READY,IN_SERVICE,by.U-DiRumahAja,51010,0,LTE,IDLE,DISCONNECTED,NONE,0,0,4,0,1,0,-99,LTE,510,10,3942,44230178,172774,34,113,-98,-14,2147483647,2147483647,54,2,2147483647,2,699,-7.4336221,109.2591783,0,0,0,2300,38750,null,null,null,null,,,null,null,null,null,null,
25,20200418140333,READY,IN_SERVICE,by.U-DiRumahAja,51010,0,LTE,IDLE,DISCONNECTED,NONE,0,0,4,0,1,0,-99,LTE,510,10,3942,44230178,172774,34,113,-98,-14,2147483647,2147483647,54,2,2147483647,2,699,-7.4336221,109.2591783,0,0,0,2300,38750,null,null,null,null,,,null,null,null,null,null,
26,20200418140334,READY,IN_SERVICE,by.U-DiRumahAja,51010,0,LTE,IDLE,DISCONNECTED,NONE,0,0,4,0,1,0,-104,LTE,510,10,3942,44230178,172774,34,113,-105,-14,2147483647,2147483647,54,2,2147483647,2,699,-7.4336221,109.2591783,0,0,0,2300,38750,null,null,null,null,,,null,null,null,null,null,
27,20200418140335,READY,IN_SERVICE,by.U-DiRumahAja,51010,0,LTE,IDLE,DISCONNECTED,NONE,0,0,4,0,1,0,-104,LTE,510,10,3942,44230178,172774,34,113,-105,-14,2147483647,2147483647,54,2,2147483647,2,699,-7.4336221,109.2591783,0,0,0,2300,38750,null,null,null,null,,,null,null,null,null,null,
28,20200418140336,READY,IN_SERVICE,by.U-DiRumahAja,51010,0,LTE,IDLE,DISCONNECTED,NONE,0,0,4,0,1,0,-104,LTE,510,10,3942,44230178,172774,34,113,-105,-14,2147483647,2147483647,-16,2,2147483647,2,699,-7.4336221,109.2591783,0,0,0,2300,38750,null,null,null,null,,,null,null,null,null,null,
29,20200418140337,READY,IN_SERVICE,by.U-DiRumahAja,51010,0,LTE,IDLE,DISCONNECTED,NONE,0,0,4,0,1,0,-104,LTE,510,10,3942,44230178,172774,34,113,-105,-15,2147483647,2147483647,-16,2,2147483647,2,699,-7.4336221,109.2591783,0,0,0,2300,38750,null,null,null,null,,,null,null,null,null,null,
30,20200418140338,READY,IN_SERVICE,by.U-DiRumahAja,51010,0,LTE,IDLE,DISCONNECTED,NONE,0,0,4,0,1,0,-104,LTE,510,10,3942,44230178,172774,34,113,-105,-15,2147483647,2147483647,-6,2,2147483647,2,699,-7.4336221,109.2591783,0,0,0,2300,38750,null,null,null,null,,,null,null,null,null,null,
31,20200418140339,READY,IN_SERVICE,by.U-DiRumahAja,51010,0,LTE,IDLE,DISCONNECTED,NONE,0,0,4,0,1,0,-106,LTE,510,10,3942,44230178,172774,34,113,-104,-13,2147483647,2147483647,-6,2,2147483647,2,1200,-7.4307931,109.2576915,0,0,0,2300,38750,null,null,null,null,,,null,null,null,null,null,
32,20200418140340,READY,IN_SERVICE,by.U-DiRumahAja,51010,0,LTE,IDLE,DISCONNECTED,NONE,0,0,4,0,1,0,-106,LTE,510,10,3942,44230178,172774,34,113,-104,-13,2147483647,2147483647,-6,2,2147483647,2,1200,-7.4307931,109.2576915,0,0,0,2300,38750,null,null,null,null,,,null,null,null,null,null,
33,20200418140341,READY,IN_SERVICE,by.U-DiRumahAja,51010,0,LTE,IDLE,DISCONNECTED,NONE,0,0,4,0,1,0,-106,LTE,510,10,3942,44230178,172774,34,113,-104,-13,2147483647,2147483647,-26,2,2147483647,2,1200,-7.4307931,109.2576915,0,0,0,2300,38750,null,null,null,null,,,null,null,null,null,null,
34,20200418140342,READY,IN_SERVICE,by.U-DiRumahAja,51010,0,LTE,IDLE,DISCONNECTED,NONE,0,0,1,0,1,0,-113,LTE,510,10,3942,44174616,172557,24,247,-107,-10,2147483647,2147483647,-26,1,2147483647,2,1200,-7.4307931,109.2576915,0,0,0,2300,38750,null,null,null,null,,,null,null,null,null,null,
35,20200418140343,READY,IN_SERVICE,by.U-DiRumahAja,51010,0,LTE,IDLE,DISCONNECTED,NONE,0,0,1,0,1,0,-113,LTE,510,10,3942,44174616,172557,24,247,-107,-10,2147483647,2147483647,42,1,2147483647,2,1200,-7.4307931,109.2576915,0,0,0,2300,38750,null,null,null,null,,,null,null,null,null,null,
36,20200418140344,READY,IN_SERVICE,by.U-DiRumahAja,51010,0,LTE,IDLE,DISCONNECTED,NONE,0,0,1,0,1,0,-113,LTE,510,10,3942,44174616,172557,24,247,-107,-10,2147483647,2147483647,42,1,2147483647,2,1200,-7.4307931,109.2576915,0,0,0,2300,38750,null,null,null,null,,,null,null,null,null,null,
37,20200418140345,READY,IN_SERVICE,by.U-DiRumahAja,51010,0,LTE,IDLE,DISCONNECTED,NONE,0,0,1,0,1,0,-111,LTE,510,10,3942,44174616,172557,24,247,-103,-9,2147483647,2147483647,48,2,2147483647,2,1200,-7.4307931,109.2576915,0,0,0,2300,38750,null,null,null,null,,,null,null,null,null,null,
38,20200418140346,READY,IN_SERVICE,by.U-DiRumahAja,51010,0,LTE,IDLE,DISCONNECTED,NONE,0,0,1,0,1,0,-111,LTE,510,10,3942,44174616,172557,24,247,-103,-9,2147483647,2147483647,48,2,2147483647,2,1200,-7.4307931,109.2576915,0,0,0,2300,38750,null,null,null,null,,,null,null,null,null,null,
39,20200418140347,READY,IN_SERVICE,by.U-DiRumahAja,51010,0,LTE,IDLE,DISCONNECTED,NONE,0,0,1,0,1,0,-111,LTE,510,10,3942,44174616,172557,24,247,-102,-9,2147483647,2147483647,52,2,2147483647,2,1200,-7.4307931,109.2576915,0,0,0,2300,38750,null,null,null,null,,,null,null,null,null,null,
40,20200418140348,READY,IN_SERVICE,by.U-DiRumahAja,51010,0,LTE,IDLE,DISCONNECTED,NONE,0,0,1,0,1,0,-111,LTE,510,10,3942,44174616,172557,24,247,-102,-9,2147483647,2147483647,52,2,2147483647,2,1200,-7.4307931,109.2576915,0,0,0,2300,38750,null,null,null,null,,,null,null,null,null,null,
41,20200418140349,READY,IN_SERVICE,by.U-DiRumahAja,51010,0,LTE,IDLE,DISCONNECTED,NONE,0,0,1,0,1,0,-111,LTE,510,10,3942,44174616,172557,24,247,-102,-9,2147483647,2147483647,52,2,2147483647,2,1200,-7.4307931,109.2576915,0,0,0,2300,38750,null,null,null,null,,,null,null,null,null,null,
42,20200418140350,READY,IN_SERVICE,by.U-DiRumahAja,51010,0,LTE,IDLE,DISCONNECTED,NONE,0,0,1,0,1,0,-101,LTE,510,10,3942,44174616,172557,24,247,-98,-9,2147483647,2147483647,52,2,2147483647,2,1200,-7.4307931,109.2576915,0,0,0,2300,38750,null,null,null,null,,,null,null,null,null,null,
43,20200418140351,READY,IN_SERVICE,by.U-DiRumahAja,51010,0,LTE,IDLE,DISCONNECTED,NONE,0,0,1,0,1,0,-101,LTE,510,10,3942,44174616,172557,24,247,-98,-9,2147483647,2147483647,52,2,2147483647,2,1200,-7.4307931,109.2576915,0,0,0,2300,38750,null,null,null,null,,,null,null,null,null,null,
44,20200418140352,READY,IN_SERVICE,by.U-DiRumahAja,51010,0,LTE,IDLE,DISCONNECTED,NONE,0,0,1,0,1,0,-101,LTE,510,10,3942,44174616,172557,24,247,-98,-9,2147483647,2147483647,60,2,2147483647,2,1200,-7.4307931,109.2576915,0,0,0,2300,38750,null,null,null,null,,,null,null,null,null,null,
45,20200418140353,READY,IN_SERVICE,by.U-DiRumahAja,51010,0,LTE,IDLE,DISCONNECTED,NONE,0,0,1,0,1,0,-105,LTE,510,10,3942,44174616,172557,24,247,-87,-7,2147483647,2147483647,60,3,2147483647,2,1200,-7.4307931,109.2576915,0,0,0,2300,38750,null,null,null,null,,,null,null,null,null,null,
46,20200418140354,READY,IN_SERVICE,by.U-DiRumahAja,51010,0,LTE,IDLE,DISCONNECTED,NONE,0,0,1,0,1,0,-105,LTE,510,10,3942,44174616,172557,24,247,-87,-7,2147483647,2147483647,156,3,2147483647,2,1200,-7.4307931,109.2576915,0,0,0,2300,38750,null,null,null,null,,,null,null,null,null,null,
47,20200418140355,READY,IN_SERVICE,by.U-DiRumahAja,51010,0,LTE,IDLE,DISCONNECTED,NONE,0,0,1,0,1,0,-100,LTE,510,10,3942,44174616,172557,24,247,-98,-8,2147483647,2147483647,156,2,2147483647,2,1200,-7.4307931,109.2576915,0,0,0,2300,38750,null,null,null,null,,,null,null,null,null,null,
48,20200418140356,READY,IN_SERVICE,by.U-DiRumahAja,51010,0,LTE,IDLE,DISCONNECTED,NONE,0,0,1,0,1,0,-100,LTE,510,10,3942,44174616,172557,24,247,-98,-8,2147483647,2147483647,70,2,2147483647,2,1200,-7.4307931,109.2576915,0,0,0,2300,38750,null,null,null,null,,,null,null,null,null,null,
49,20200418140357,READY,IN_SERVICE,by.U-DiRumahAja,51010,0,LTE,IDLE,DISCONNECTED,NONE,0,0,1,0,1,0,-106,LTE,510,10,3942,44174616,172557,24,247,-97,-5,2147483647,2147483647,70,2,2147483647,2,1200,-7.4307931,109.2576915,0,0,0,2300,38750,null,null,null,null,,,null,null,null,null,null,
50,20200418140358,READY,IN_SERVICE,by.U-DiRumahAja,51010,0,LTE,IDLE,DISCONNECTED,NONE,0,0,1,0,1,0,-106,LTE,510,10,3942,44174616,172557,24,247,-97,-5,2147483647,2147483647,70,2,2147483647,2,1200,-7.4307931,109.2576915,0,0,0,2300,38750,null,null,null,null,,,null,null,null,null,null,
51,20200418140359,READY,IN_SERVICE,by.U-DiRumahAja,51010,0,LTE,IDLE,DISCONNECTED,NONE,0,0,1,0,1,0,-103,LTE,510,10,3942,44174616,172557,24,247,-94,-8,2147483647,2147483647,70,3,2147483647,2,1200,-7.4307931,109.2576915,0,0,0,2300,38750,null,null,null,null,,,null,null,null,null,null,
52,20200418140400,READY,IN_SERVICE,by.U-DiRumahAja,51010,0,LTE,IDLE,DISCONNECTED,NONE,0,0,1,0,1,0,-103,LTE,510,10,3942,44174616,172557,24,247,-94,-8,2147483647,2147483647,70,3,2147483647,1,114,-7.42771642,109.25934964,53.8652,0,0,2300,38750,null,null,null,null,,,null,null,null,null,null,
53,20200418140401,READY,IN_SERVICE,by.U-DiRumahAja,51010,0,LTE,IDLE,DISCONNECTED,NONE,0,0,1,0,1,0,-103,LTE,510,10,3942,44174616,172557,24,247,-94,-8,2147483647,2147483647,70,3,2147483647,1,114,-7.42770717,109.25934866,53.866,0,0,2300,38750,null,null,null,null,,,null,null,null,null,null,
54,20200418140402,READY,IN_SERVICE,by.U-DiRumahAja,51010,0,LTE,IDLE,DISCONNECTED,NONE,0,0,1,0,1,0,-103,LTE,510,10,3942,44174616,172557,24,247,-95,-7,2147483647,2147483647,70,3,2147483647,1,114,-7.42770717,109.25934866,53.866,0,0,2300,38750,null,null,null,null,,,null,null,null,null,null,
55,20200418140403,READY,IN_SERVICE,by.U-DiRumahAja,51010,0,LTE,IDLE,DISCONNECTED,NONE,0,0,1,0,1,0,-103,LTE,510,10,3942,44174616,172557,24,247,-95,-7,2147483647,2147483647,120,3,2147483647,1,114,-7.42770717,109.25934866,53.866,0,0,2300,38750,null,null,null,null,,,null,null,null,null,null,
56,20200418140404,READY,IN_SERVICE,by.U-DiRumahAja,51010,0,LTE,IDLE,DISCONNECTED,NONE,0,0,1,0,1,0,-101,LTE,510,10,3942,44174616,172557,24,247,-92,-7,2147483647,2147483647,120,3,2147483647,1,114,-7.42770717,109.25934866,53.866,0,0,2300,38750,null,null,null,null,,,null,null,null,null,null,
57,20200418140405,READY,IN_SERVICE,by.U-DiRumahAja,51010,0,LTE,IDLE,DISCONNECTED,NONE,0,0,1,0,1,0,-101,LTE,510,10,3942,44174616,172557,24,247,-92,-7,2147483647,2147483647,120,3,2147483647,1,114,-7.42770717,109.25934866,53.866,0,0,2300,38750,null,null,null,null,,,null,null,null,null,null,
58,20200418140406,READY,IN_SERVICE,by.U-DiRumahAja,51010,0,LTE,IDLE,DISCONNECTED,NONE,0,0,1,0,1,0,-102,LTE,510,10,3942,44174616,172557,24,247,-86,-6,2147483647,2147483647,120,3,2147483647,2,1299,-7.426156,109.260665,0,0,0,2300,38750,null,null,null,null,,,null,null,null,null,null,
59,20200418140407,READY,IN_SERVICE,by.U-DiRumahAja,51010,0,LTE,IDLE,DISCONNECTED,NONE,0,0,1,0,1,0,-102,LTE,510,10,3942,44174616,172557,24,247,-86,-6,2147483647,2147483647,120,3,2147483647,2,1299,-7.426156,109.260665,0,0,0,2300,38750,null,null,null,null,,,null,null,null,null,null,
60,20200418140408,READY,IN_SERVICE,by.U-DiRumahAja,51010,0,LTE,IDLE,DISCONNECTED,NONE,0,0,1,0,1,0,-102,LTE,510,10,3942,44174616,172557,24,247,-86,-6,2147483647,2147483647,120,3,2147483647,2,1299,-7.426156,109.260665,0,0,0,2300,38750,null,null,null,null,,,null,null,null,null,null,
61,20200418140409,READY,IN_SERVICE,by.U-DiRumahAja,51010,0,LTE,IDLE,DISCONNECTED,NONE,0,0,1,0,1,0,-95,LTE,510,10,3942,44174616,172557,24,247,-92,-10,2147483647,2147483647,120,3,2147483647,2,1299,-7.426156,109.260665,0,0,0,2300,38750,null,null,null,null,,,null,null,null,null,null,
62,20200418140410,READY,IN_SERVICE,by.U-DiRumahAja,51010,0,LTE,IDLE,DISCONNECTED,NONE,0,0,1,0,1,0,-95,LTE,510,10,3942,44174616,172557,24,247,-92,-10,2147483647,2147483647,4,3,2147483647,2,1299,-7.426156,109.260665,0,0,0,2300,38750,null,null,null,null,,,null,null,null,null,null,
63,20200418140411,READY,IN_SERVICE,by.U-DiRumahAja,51010,0,LTE,IDLE,DISCONNECTED,NONE,0,0,1,0,1,0,-97,LTE,510,10,3942,44174616,172557,24,247,-85,-8,2147483647,2147483647,4,4,2147483647,2,1299,-7.426156,109.260665,0,0,0,2300,38750,null,null,null,null,,,null,null,null,null,null,
64,20200418140412,READY,IN_SERVICE,by.U-DiRumahAja,51010,0,LTE,IDLE,DISCONNECTED,NONE,0,0,1,0,1,0,-97,LTE,510,10,3942,44174616,172557,24,247,-85,-8,2147483647,2147483647,144,4,2147483647,2,1299,-7.426156,109.260665,0,0,0,2300,38750,null,null,null,null,,,null,null,null,null,null,
65,20200418140413,READY,IN_SERVICE,by.U-DiRumahAja,51010,0,LTE,IDLE,DISCONNECTED,NONE,0,0,1,0,1,0,-100,LTE,510,10,3942,44174616,172557,24,247,-88,-7,2147483647,2147483647,144,3,2147483647,2,1299,-7.426156,109.260665,0,0,0,2300,38750,null,null,null,null,,,null,null,null,null,null,
66,20200418140414,READY,IN_SERVICE,by.U-DiRumahAja,51010,0,LTE,IDLE,DISCONNECTED,NONE,0,0,1,0,1,0,-100,LTE,510,10,3942,44174616,172557,24,247,-88,-7,2147483647,2147483647,140,3,2147483647,2,1299,-7.426156,109.260665,0,0,0,2300,38750,null,null,null,null,,,null,null,null,null,null,
67,20200418140415,READY,IN_SERVICE,by.U-DiRumahAja,51010,0,LTE,IDLE,DISCONNECTED,NONE,0,0,1,0,1,0,-103,LTE,510,10,3942,44174616,172557,24,247,-94,-10,2147483647,2147483647,140,3,2147483647,2,1299,-7.426156,109.260665,0,0,0,2300,38750,null,null,null,null,,,null,null,null,null,null,
68,20200418140416,READY,IN_SERVICE,by.U-DiRumahAja,51010,0,LTE,IDLE,DISCONNECTED,NONE,0,0,1,0,1,0,-103,LTE,510,10,3942,44174616,172557,24,247,-94,-10,2147483647,2147483647,140,3,2147483647,2,1299,-7.426156,109.260665,0,0,0,2300,38750,null,null,null,null,,,null,null,null,null,null,
69,20200418140417,READY,IN_SERVICE,by.U-DiRumahAja,51010,0,LTE,IDLE,DISCONNECTED,NONE,0,0,1,0,1,0,-105,LTE,510,10,3942,44174616,172557,24,247,-95,-8,2147483647,2147483647,140,3,2147483647,2,1299,-7.426156,109.260665,0,0,0,2300,38750,null,null,null,null,,,null,null,null,null,null,
70,20200418140418,READY,IN_SERVICE,by.U-DiRumahAja,51010,0,LTE,IDLE,DISCONNECTED,NONE,0,0,1,0,1,0,-105,LTE,510,10,3942,44174616,172557,24,247,-95,-8,2147483647,2147483647,140,3,2147483647,2,1299,-7.426156,109.260665,0,0,0,2300,38750,null,null,null,null,,,null,null,null,null,null,
71,20200418140419,READY,IN_SERVICE,by.U-DiRumahAja,51010,0,LTE,IDLE,DISCONNECTED,NONE,0,0,1,0,1,0,-105,LTE,510,10,3942,44174616,172557,24,247,-95,-8,2147483647,2147483647,88,3,2147483647,2,1299,-7.426156,109.260665,0,0,0,2300,38750,null,null,null,null,,,null,null,null,null,null,
72,20200418140420,READY,IN_SERVICE,by.U-DiRumahAja,51010,0,LTE,IDLE,DISCONNECTED,NONE,0,0,1,0,1,0,-106,LTE,510,10,3942,44174616,172557,24,247,-93,-6,2147483647,2147483647,88,3,2147483647,2,1299,-7.426156,109.260665,0,0,0,2300,38750,null,null,null,null,,,null,null,null,null,null,
73,20200418140421,READY,IN_SERVICE,by.U-DiRumahAja,51010,0,LTE,IDLE,DISCONNECTED,NONE,0,0,1,0,1,0,-106,LTE,510,10,3942,44174616,172557,24,247,-93,-6,2147483647,2147483647,122,3,2147483647,2,1299,-7.426156,109.260665,0,0,0,2300,38750,null,null,null,null,,,null,null,null,null,null,
74,20200418140422,READY,IN_SERVICE,by.U-DiRumahAja,51010,0,LTE,IDLE,DISCONNECTED,NONE,0,0,1,0,1,0,-105,LTE,510,10,3942,44174616,172557,24,247,-100,-11,2147483647,2147483647,122,2,2147483647,2,1299,-7.426156,109.260665,0,0,0,2300,38750,null,null,null,null,,,null,null,null,null,null,
75,20200418140423,READY,IN_SERVICE,by.U-DiRumahAja,51010,0,LTE,IDLE,DISCONNECTED,NONE,0,0,1,0,1,0,-105,LTE,510,10,3942,44174616,172557,24,247,-100,-11,2147483647,2147483647,44,2,2147483647,2,1299,-7.426156,109.260665,0,0,0,2300,38750,null,null,null,null,,,null,null,null,null,null,
76,20200418140424,READY,IN_SERVICE,by.U-DiRumahAja,51010,0,LTE,IDLE,DISCONNECTED,NONE,0,0,1,0,1,0,-105,LTE,510,10,3942,44174616,172557,24,247,-100,-11,2147483647,2147483647,44,2,2147483647,2,1299,-7.426156,109.260665,0,0,0,2300,38750,null,null,null,null,,,null,null,null,null,null,
77,20200418140425,READY,IN_SERVICE,by.U-DiRumahAja,51010,0,LTE,IDLE,DISCONNECTED,NONE,0,0,1,0,1,0,-110,LTE,510,10,3942,44174616,172557,24,247,-95,-11,2147483647,2147483647,44,3,2147483647,2,1299,-7.426156,109.260665,0,0,0,2300,38750,null,null,null,null,,,null,null,null,null,null,
78,20200418140426,READY,IN_SERVICE,by.U-DiRumahAja,51010,0,LTE,IDLE,DISCONNECTED,NONE,0,0,1,0,1,0,-110,LTE,510,10,3942,44174616,172557,24,247,-95,-11,2147483647,2147483647,44,3,2147483647,2,1299,-7.426156,109.260665,0,0,0,2300,38750,null,null,null,null,,,null,null,null,null,null,
79,20200418140427,READY,IN_SERVICE,by.U-DiRumahAja,51010,0,LTE,IDLE,DISCONNECTED,NONE,0,0,1,0,1,0,-102,LTE,510,10,3942,44174616,172557,24,247,-91,-8,2147483647,2147483647,44,3,2147483647,2,1299,-7.426156,109.260665,0,0,0,2300,38750,null,null,null,null,,,null,null,null,null,null,
80,20200418140428,READY,IN_SERVICE,by.U-DiRumahAja,51010,0,LTE,IDLE,DISCONNECTED,NONE,0,0,1,0,1,0,-102,LTE,510,10,3942,44174616,172557,24,247,-91,-8,2147483647,2147483647,44,3,2147483647,2,1299,-7.426156,109.260665,0,0,0,2300,38750,null,null,null,null,,,null,null,null,null,null,
81,20200418140429,READY,IN_SERVICE,by.U-DiRumahAja,51010,0,LTE,IDLE,DISCONNECTED,NONE,0,0,1,0,1,0,-102,LTE,510,10,3942,44174616,172557,24,247,-91,-8,2147483647,2147483647,44,3,2147483647,2,1299,-7.426156,109.260665,0,0,0,2300,38750,null,null,null,null,,,null,null,null,null,null,
82,20200418140430,READY,IN_SERVICE,by.U-DiRumahAja,51010,0,LTE,IDLE,DISCONNECTED,NONE,0,0,1,0,1,0,-99,LTE,510,10,3942,44174616,172557,24,247,-98,-12,2147483647,2147483647,72,2,2147483647,2,1299,-7.426156,109.260665,0,0,0,2300,38750,null,null,null,null,,,null,null,null,null,null,
83,20200418140431,READY,IN_SERVICE,by.U-DiRumahAja,51010,0,LTE,IDLE,DISCONNECTED,NONE,0,0,1,0,1,0,-99,LTE,510,10,3942,44174616,172557,24,247,-98,-12,2147483647,2147483647,72,2,2147483647,2,1299,-7.426156,109.260665,0,0,0,2300,38750,null,null,null,null,,,null,null,null,null,null,
84,20200418140432,READY,IN_SERVICE,by.U-DiRumahAja,51010,0,LTE,IDLE,DISCONNECTED,NONE,0,0,1,0,1,0,-107,LTE,510,10,3942,44174616,172557,24,247,-99,-9,2147483647,2147483647,58,2,2147483647,2,1299,-7.426156,109.260665,0,0,0,2300,38750,null,null,null,null,,,null,null,null,null,null,
85,20200418140433,READY,IN_SERVICE,by.U-DiRumahAja,51010,0,LTE,IDLE,DISCONNECTED,NONE,0,0,1,0,1,0,-107,LTE,510,10,3942,44174616,172557,24,247,-99,-9,2147483647,2147483647,58,2,2147483647,2,1299,-7.426156,109.260665,0,0,0,2300,38750,null,null,null,null,,,null,null,null,null,null,
86,20200418140434,READY,IN_SERVICE,by.U-DiRumahAja,51010,0,LTE,IDLE,DISCONNECTED,NONE,0,0,1,0,1,0,-107,LTE,510,10,3942,44174616,172557,24,247,-99,-9,2147483647,2147483647,58,2,2147483647,2,1299,-7.426156,109.260665,0,0,0,2300,38750,null,null,null,null,,,null,null,null,null,null,
87,20200418140435,READY,IN_SERVICE,by.U-DiRumahAja,51010,0,LTE,IDLE,DISCONNECTED,NONE,0,0,1,0,1,0,-97,LTE,510,10,3942,44174616,172557,24,247,-92,-9,2147483647,2147483647,58,3,2147483647,2,1299,-7.426156,109.260665,0,0,0,2300,38750,null,null,null,null,,,null,null,null,null,null,
88,20200418140436,READY,IN_SERVICE,by.U-DiRumahAja,51010,0,LTE,IDLE,DISCONNECTED,NONE,0,0,1,0,1,0,-97,LTE,510,10,3942,44174616,172557,24,247,-92,-9,2147483647,2147483647,58,3,2147483647,2,1299,-7.426156,109.260665,0,0,0,2300,38750,null,null,null,null,,,null,null,null,null,null,
89,20200418140437,READY,IN_SERVICE,by.U-DiRumahAja,51010,0,LTE,IDLE,DISCONNECTED,NONE,0,0,1,0,1,0,-104,LTE,510,10,3942,44174616,172557,24,247,-98,-11,2147483647,2147483647,118,2,2147483647,2,1299,-7.426156,109.260665,0,0,0,2300,38750,null,null,null,null,,,null,null,null,null,null,
90,20200418140438,READY,IN_SERVICE,by.U-DiRumahAja,51010,0,LTE,IDLE,DISCONNECTED,NONE,0,0,1,0,1,0,-104,LTE,510,10,3942,44174616,172557,24,247,-98,-11,2147483647,2147483647,118,2,2147483647,2,1299,-7.426156,109.260665,0,0,0,2300,38750,null,null,null,null,,,null,null,null,null,null,
91,20200418140439,READY,IN_SERVICE,by.U-DiRumahAja,51010,0,LTE,IDLE,DISCONNECTED,NONE,0,0,1,0,1,0,-104,LTE,510,10,3942,44174616,172557,24,247,-98,-11,2147483647,2147483647,50,2,2147483647,2,1299,-7.426156,109.260665,0,0,0,2300,38750,null,null,null,null,,,null,null,null,null,null,
92,20200418140440,READY,IN_SERVICE,by.U-DiRumahAja,51010,0,LTE,IDLE,DISCONNECTED,NONE,0,0,1,0,1,0,-106,LTE,510,10,3942,44174616,172557,24,247,-104,-13,2147483647,2147483647,50,2,2147483647,2,1299,-7.426156,109.260665,0,0,0,2300,38750,null,null,null,null,,,null,null,null,null,null,
93,20200418140441,READY,IN_SERVICE,by.U-DiRumahAja,51010,0,LTE,IDLE,DISCONNECTED,NONE,0,0,1,0,1,0,-106,LTE,510,10,3942,44174616,172557,24,247,-104,-13,2147483647,2147483647,18,2,2147483647,2,1299,-7.426156,109.260665,0,0,0,2300,38750,null,null,null,null,,,null,null,null,null,null,
94,20200418140442,READY,IN_SERVICE,by.U-DiRumahAja,51010,0,LTE,IDLE,DISCONNECTED,NONE,0,0,1,0,1,0,-106,LTE,510,10,3942,44174616,172557,24,247,-104,-13,2147483647,2147483647,18,2,2147483647,2,1299,-7.426156,109.260665,0,0,0,2300,38750,null,null,null,null,,,null,null,null,null,null,
95,20200418140443,READY,IN_SERVICE,by.U-DiRumahAja,51010,0,LTE,IDLE,DISCONNECTED,NONE,0,0,1,0,1,0,-104,LTE,510,10,3942,44174616,172557,24,247,-94,-11,2147483647,2147483647,18,3,2147483647,2,1299,-7.426156,109.260665,0,0,0,2300,38750,null,null,null,null,,,null,null,null,null,null,
96,20200418140444,READY,IN_SERVICE,by.U-DiRumahAja,51010,0,LTE,IDLE,DISCONNECTED,NONE,0,0,1,0,1,0,-104,LTE,510,10,3942,44174616,172557,24,247,-94,-11,2147483647,2147483647,18,3,2147483647,2,1299,-7.426156,109.260665,0,0,0,2300,38750,null,null,null,null,,,null,null,null,null,null,
97,20200418140445,READY,IN_SERVICE,by.U-DiRumahAja,51010,0,LTE,IDLE,DISCONNECTED,NONE,0,0,1,0,1,0,-107,LTE,510,10,3942,44230178,172774,34,113,-88,-9,2147483647,2147483647,18,3,2147483647,2,1299,-7.426156,109.260665,0,0,0,2300,38750,null,null,null,null,,,null,null,null,null,null,
98,20200418140446,READY,IN_SERVICE,by.U-DiRumahAja,51010,0,LTE,IDLE,DISCONNECTED,NONE,0,0,1,0,1,0,-107,LTE,510,10,3942,44230178,172774,34,113,-88,-9,2147483647,2147483647,174,3,2147483647,2,1299,-7.426156,109.260665,0,0,0,2300,38750,null,null,null,null,,,null,null,null,null,null,
99,20200418140447,READY,IN_SERVICE,by.U-DiRumahAja,51010,0,LTE,IDLE,DISCONNECTED,NONE,0,0,4,0,1,0,-107,LTE,510,10,3942,44230178,172774,34,113,-86,-9,2147483647,2147483647,174,3,2147483647,2,1299,-7.426156,109.260665,0,0,0,2300,38750,null,null,null,null,,,null,null,null,null,null,
100,20200418140448,READY,IN_SERVICE,by.U-DiRumahAja,51010,0,LTE,IDLE,DISCONNECTED,NONE,0,0,4,0,1,0,-107,LTE,510,10,3942,44230178,172774,34,113,-86,-9,2147483647,2147483647,158,3,2147483647,2,1200,-7.4307931,109.2576915,0,0,0,2300,38750,null,null,null,null,,,null,null,null,null,null,
101,20200418140449,READY,IN_SERVICE,by.U-DiRumahAja,51010,0,LTE,IDLE,DISCONNECTED,NONE,0,0,4,0,0,0,2147483647,LTE,510,10,3942,44230178,172774,34,113,-85,-7,2147483647,2147483647,158,4,2147483647,2,1200,-7.4307931,109.2576915,0,0,0,2300,38750,null,null,null,null,,,null,null,null,null,null,
102,20200418140450,READY,IN_SERVICE,by.U-DiRumahAja,51010,0,LTE,IDLE,DISCONNECTED,NONE,0,0,4,0,0,0,2147483647,LTE,510,10,3942,44230178,172774,34,113,-85,-7,2147483647,2147483647,160,4,2147483647,2,1200,-7.4307931,109.2576915,0,0,0,2300,38750,null,null,null,null,,,null,null,null,null,null,
103,20200418140451,READY,IN_SERVICE,by.U-DiRumahAja,51010,0,LTE,IDLE,DISCONNECTED,NONE,0,0,4,0,0,0,2147483647,LTE,510,10,3942,44230178,172774,34,113,-85,-7,2147483647,2147483647,160,4,2147483647,2,1200,-7.4307931,109.2576915,0,0,0,2300,38750,null,null,null,null,,,null,null,null,null,null,
104,20200418140452,READY,IN_SERVICE,by.U-DiRumahAja,51010,0,LTE,IDLE,DISCONNECTED,NONE,0,0,4,0,0,0,2147483647,LTE,510,10,3942,44230178,172774,34,113,-97,-8,2147483647,2147483647,160,2,2147483647,2,1200,-7.4307931,109.2576915,0,0,0,2300,38750,null,null,null,null,,,null,null,null,null,null,
105,20200418140453,READY,IN_SERVICE,by.U-DiRumahAja,51010,0,LTE,IDLE,DISCONNECTED,NONE,0,0,4,0,0,0,2147483647,LTE,510,10,3942,44230178,172774,34,113,-97,-8,2147483647,2147483647,160,2,2147483647,2,1200,-7.4307931,109.2576915,0,0,0,2300,38750,null,null,null,null,,,null,null,null,null,null,
106,20200418140454,READY,IN_SERVICE,by.U-DiRumahAja,51010,0,LTE,IDLE,DISCONNECTED,NONE,0,0,4,0,0,0,2147483647,LTE,510,10,3942,44230178,172774,34,113,-92,-7,2147483647,2147483647,160,3,2147483647,2,1200,-7.4307931,109.2576915,0,0,0,2300,38750,null,null,null,null,,,null,null,null,null,null,
107,20200418140455,READY,IN_SERVICE,by.U-DiRumahAja,51010,0,LTE,IDLE,DISCONNECTED,NONE,0,0,4,0,0,0,2147483647,LTE,510,10,3942,44230178,172774,34,113,-92,-7,2147483647,2147483647,124,3,2147483647,2,1200,-7.4307931,109.2576915,0,0,0,2300,38750,null,null,null,null,,,null,null,null,null,null,
108,20200418140456,READY,IN_SERVICE,by.U-DiRumahAja,51010,0,LTE,IDLE,DISCONNECTED,NONE,0,0,4,0,0,0,2147483647,LTE,510,10,3942,44230178,172774,34,113,-103,-10,2147483647,2147483647,124,2,2147483647,2,1200,-7.4307931,109.2576915,0,0,0,2300,38750,null,null,null,null,,,null,null,null,null,null,
109,20200418140457,READY,IN_SERVICE,by.U-DiRumahAja,51010,0,LTE,IDLE,DISCONNECTED,NONE,0,0,4,0,0,0,2147483647,LTE,510,10,3942,44230178,172774,34,113,-103,-10,2147483647,2147483647,-22,2,2147483647,2,2000,-7.43218,109.2554613,0,0,0,2300,38750,null,null,null,null,,,null,null,null,null,null,
110,20200418140458,READY,IN_SERVICE,by.U-DiRumahAja,51010,0,LTE,IDLE,DISCONNECTED,NONE,0,0,4,0,0,0,2147483647,LTE,510,10,3942,44230178,172774,34,113,-103,-10,2147483647,2147483647,-22,2,2147483647,2,2000,-7.43218,109.2554613,0,0,0,2300,38750,null,null,null,null,,,null,null,null,null,null,
111,20200418140459,READY,IN_SERVICE,by.U-DiRumahAja,51010,0,LTE,IDLE,DISCONNECTED,NONE,0,0,4,0,0,0,2147483647,LTE,510,10,3942,44230178,172774,34,113,-102,-10,2147483647,2147483647,68,2,2147483647,2,2000,-7.43218,109.2554613,0,0,0,2300,38750,null,null,null,null,,,null,null,null,null,null,
112,20200418140500,READY,IN_SERVICE,by.U-DiRumahAja,51010,0,LTE,IDLE,DISCONNECTED,NONE,0,0,4,0,0,0,2147483647,LTE,510,10,3942,44230178,172774,34,113,-102,-10,2147483647,2147483647,68,2,2147483647,2,2000,-7.43218,109.2554613,0,0,0,2300,38750,null,null,null,null,,,null,null,null,null,null,
113,20200418140501,READY,IN_SERVICE,by.U-DiRumahAja,51010,0,LTE,IDLE,DISCONNECTED,NONE,0,0,4,0,0,0,2147483647,LTE,510,10,3942,44230178,172774,34,113,-101,-14,2147483647,2147483647,68,2,2147483647,2,2000,-7.43218,109.2554613,0,0,0,2300,38750,null,null,null,null,,,null,null,null,null,null,
114,20200418140502,READY,IN_SERVICE,by.U-DiRumahAja,51010,0,LTE,IDLE,DISCONNECTED,NONE,0,0,4,0,0,0,2147483647,LTE,510,10,3942,44230178,172774,34,113,-101,-14,2147483647,2147483647,68,2,2147483647,2,2000,-7.43218,109.2554613,0,0,0,2300,38750,null,null,null,null,,,null,null,null,null,null,
115,20200418140503,READY,IN_SERVICE,by.U-DiRumahAja,51010,0,LTE,IDLE,DISCONNECTED,NONE,0,0,4,0,0,0,2147483647,LTE,510,10,3942,44230178,172774,34,113,-101,-14,2147483647,2147483647,68,2,2147483647,2,2000,-7.43218,109.2554613,0,0,0,2300,38750,null,null,null,null,,,null,null,null,null,null,
116,20200418140504,READY,IN_SERVICE,by.U-DiRumahAja,51010,0,LTE,IDLE,DISCONNECTED,NONE,0,0,4,0,0,0,2147483647,LTE,510,10,3942,44230178,172774,34,113,-99,-12,2147483647,2147483647,-12,2,2147483647,2,2000,-7.43218,109.2554613,0,0,0,2300,38750,null,null,null,null,,,null,null,null,null,null,
117,20200418140505,READY,IN_SERVICE,by.U-DiRumahAja,51010,0,LTE,IDLE,DISCONNECTED,NONE,0,0,4,0,0,0,2147483647,LTE,510,10,3942,44230178,172774,34,113,-99,-12,2147483647,2147483647,-12,2,2147483647,2,2000,-7.43218,109.2554613,0,0,0,2300,38750,null,null,null,null,,,null,null,null,null,null,
118,20200418140506,READY,IN_SERVICE,by.U-DiRumahAja,51010,0,LTE,IDLE,DISCONNECTED,NONE,0,0,4,0,0,0,2147483647,LTE,510,10,3942,44230178,172774,34,113,-99,-12,2147483647,2147483647,20,2,2147483647,2,2000,-7.43218,109.2554613,0,0,0,2300,38750,null,null,null,null,,,null,null,null,null,null,
119,20200418140507,READY,IN_SERVICE,by.U-DiRumahAja,51010,0,LTE,IDLE,DISCONNECTED,NONE,0,0,4,0,3,0,-96,LTE,510,10,3942,44230178,172774,34,113,-106,-17,2147483647,2147483647,20,1,2147483647,2,2000,-7.43218,109.2554613,0,0,0,2300,38750,null,null,null,null,,,null,null,null,null,null,
120,20200418140508,READY,IN_SERVICE,by.U-DiRumahAja,51010,0,LTE,IDLE,DISCONNECTED,NONE,0,0,4,0,3,0,-96,LTE,510,10,3942,44230178,172774,34,113,-106,-17,2147483647,2147483647,-24,1,2147483647,2,2000,-7.43218,109.2554613,0,0,0,2300,38750,null,null,null,null,,,null,null,null,null,null,
121,20200418140509,READY,IN_SERVICE,by.U-DiRumahAja,51010,0,LTE,IDLE,DISCONNECTED,NONE,0,0,4,0,3,0,-103,LTE,510,10,3942,44230178,172774,34,113,-104,-19,2147483647,2147483647,-24,2,2147483647,2,2000,-7.43218,109.2554613,0,0,0,2300,38750,null,null,null,null,,,null,null,null,null,null,
122,20200418140510,READY,IN_SERVICE,by.U-DiRumahAja,51010,0,LTE,IDLE,DISCONNECTED,NONE,0,0,4,0,3,0,-103,LTE,510,10,3942,44230178,172774,34,113,-104,-19,2147483647,2147483647,-24,2,2147483647,2,2000,-7.43218,109.2554613,0,0,0,2300,38750,null,null,null,null,,,null,null,null,null,null,
123,20200418140511,READY,IN_SERVICE,by.U-DiRumahAja,51010,0,LTE,IDLE,DISCONNECTED,NONE,0,0,4,0,3,0,-103,LTE,510,10,3942,44230178,172774,34,113,-104,-19,2147483647,2147483647,-24,2,2147483647,2,2000,-7.43218,109.2554613,0,0,0,2300,38750,null,null,null,null,,,null,null,null,null,null,
124,20200418140512,READY,IN_SERVICE,by.U-DiRumahAja,51010,0,LTE,IDLE,DISCONNECTED,NONE,0,0,1,0,3,0,-105,LTE,510,10,3942,44174616,172557,24,247,-102,-12,2147483647,2147483647,-24,2,2147483647,2,2000,-7.43218,109.2554613,0,0,0,2300,38750,null,null,null,null,,,null,null,null,null,null,
125,20200418140513,READY,IN_SERVICE,by.U-DiRumahAja,51010,0,LTE,IDLE,DISCONNECTED,NONE,0,0,1,0,3,0,-105,LTE,510,10,3942,44174616,172557,24,247,-102,-12,2147483647,2147483647,-24,2,2147483647,2,2000,-7.43218,109.2554613,0,0,0,2300,38750,null,null,null,null,,,null,null,null,null,null,
126,20200418140514,READY,IN_SERVICE,by.U-DiRumahAja,51010,0,LTE,IDLE,DISCONNECTED,NONE,0,0,1,0,2,0,-108,LTE,510,10,3942,44174616,172557,24,247,-104,-12,2147483647,2147483647,-24,2,2147483647,2,2000,-7.43218,109.2554613,0,0,0,2300,38750,null,null,null,null,,,null,null,null,null,null,
127,20200418140515,READY,IN_SERVICE,by.U-DiRumahAja,51010,0,LTE,IDLE,DISCONNECTED,NONE,0,0,1,0,2,0,-108,LTE,510,10,3942,44174616,172557,24,247,-104,-12,2147483647,2147483647,30,2,2147483647,2,2000,-7.43218,109.2554613,0,0,0,2300,38750,null,null,null,null,,,null,null,null,null,null,
128,20200418140516,READY,IN_SERVICE,by.U-DiRumahAja,51010,0,LTE,IDLE,DISCONNECTED,NONE,0,0,1,0,2,0,-109,LTE,510,10,3942,44174616,172557,24,247,-107,-11,2147483647,2147483647,30,1,2147483647,2,2000,-7.43218,109.2554613,0,0,0,2300,38750,null,null,null,null,,,null,null,null,null,null,
129,20200418140517,READY,IN_SERVICE,by.U-DiRumahAja,51010,0,LTE,IDLE,DISCONNECTED,NONE,0,0,1,0,2,0,-109,LTE,510,10,3942,44174616,172557,24,247,-107,-11,2147483647,2147483647,30,1,2147483647,2,2000,-7.43218,109.2554613,0,0,0,2300,38750,null,null,null,null,,,null,null,null,null,null,
130,20200418140518,READY,IN_SERVICE,by.U-DiRumahAja,51010,0,LTE,IDLE,DISCONNECTED,NONE,0,0,1,0,2,0,-113,LTE,510,10,3942,44174616,172557,24,247,-106,-9,2147483647,2147483647,30,1,2147483647,2,500,-7.4280862,109.260665,0,0,0,2300,38750,null,null,null,null,,,null,null,null,null,null,
131,20200418140519,READY,IN_SERVICE,by.U-DiRumahAja,51010,0,LTE,IDLE,DISCONNECTED,NONE,0,0,1,0,2,0,-113,LTE,510,10,3942,44174616,172557,24,247,-106,-9,2147483647,2147483647,30,1,2147483647,2,500,-7.4280862,109.260665,0,0,0,2300,38750,null,null,null,null,,,null,null,null,null,null,
132,20200418140520,READY,IN_SERVICE,by.U-DiRumahAja,51010,0,LTE,IDLE,DISCONNECTED,NONE,0,0,1,0,2,0,-113,LTE,510,10,3942,44174616,172557,24,247,-106,-9,2147483647,2147483647,30,1,2147483647,2,500,-7.4280862,109.260665,0,0,0,2300,38750,null,null,null,null,,,null,null,null,null,null,
133,20200418140521,READY,IN_SERVICE,by.U-DiRumahAja,51010,0,LTE,IDLE,DISCONNECTED,NONE,0,0,1,0,2,0,-105,LTE,510,10,3942,44174616,172557,24,247,-100,-10,2147483647,2147483647,30,2,2147483647,2,500,-7.4280862,109.260665,0,0,0,2300,38750,null,null,null,null,,,null,null,null,null,null,
134,20200418140522,READY,IN_SERVICE,by.U-DiRumahAja,51010,0,LTE,IDLE,DISCONNECTED,NONE,0,0,1,0,2,0,-105,LTE,510,10,3942,44174616,172557,24,247,-100,-10,2147483647,2147483647,98,2,2147483647,2,500,-7.4280862,109.260665,0,0,0,2300,38750,null,null,null,null,,,null,null,null,null,null,
135,20200418140523,READY,IN_SERVICE,by.U-DiRumahAja,51010,0,LTE,IDLE,DISCONNECTED,NONE,0,0,1,0,2,0,-103,LTE,510,10,3942,44174616,172557,24,247,-91,-8,2147483647,2147483647,98,3,2147483647,2,500,-7.4280862,109.260665,0,0,0,2300,38750,null,null,null,null,,,null,null,null,null,null,
136,20200418140524,READY,IN_SERVICE,by.U-DiRumahAja,51010,0,LTE,IDLE,DISCONNECTED,NONE,0,0,1,0,2,0,-103,LTE,510,10,3942,44174616,172557,24,247,-91,-8,2147483647,2147483647,138,3,2147483647,2,500,-7.4280862,109.260665,0,0,0,2300,38750,null,null,null,null,,,null,null,null,null,null,
137,20200418140525,READY,IN_SERVICE,by.U-DiRumahAja,51010,0,LTE,IDLE,DISCONNECTED,NONE,0,0,1,0,2,0,-103,LTE,510,10,3942,44174616,172557,24,247,-91,-8,2147483647,2147483647,138,3,2147483647,2,500,-7.4280862,109.260665,0,0,0,2300,38750,null,null,null,null,,,null,null,null,null,null,
138,20200418140526,READY,IN_SERVICE,by.U-DiRumahAja,51010,0,LTE,IDLE,DISCONNECTED,NONE,0,0,1,0,0,0,2147483647,LTE,510,10,3942,44174616,172557,24,247,-93,-7,2147483647,2147483647,116,3,2147483647,2,500,-7.4280862,109.260665,0,0,0,2300,38750,null,null,null,null,,,null,null,null,null,null,
139,20200418140527,READY,IN_SERVICE,by.U-DiRumahAja,51010,0,LTE,IDLE,DISCONNECTED,NONE,0,0,1,0,0,0,2147483647,LTE,510,10,3942,44174616,172557,24,247,-93,-7,2147483647,2147483647,116,3,2147483647,2,500,-7.4280862,109.260665,0,0,0,2300,38750,null,null,null,null,,,null,null,null,null,null,
140,20200418140528,READY,IN_SERVICE,by.U-DiRumahAja,51010,0,LTE,IDLE,DISCONNECTED,NONE,0,0,1,0,0,0,2147483647,LTE,510,10,3942,44174616,172557,24,247,-91,-6,2147483647,2147483647,116,3,2147483647,2,500,-7.4280862,109.260665,0,0,0,2300,38750,null,null,null,null,,,null,null,null,null,null,
141,20200418140529,READY,IN_SERVICE,by.U-DiRumahAja,51010,0,LTE,IDLE,DISCONNECTED,NONE,0,0,1,0,0,0,2147483647,LTE,510,10,3942,44174616,172557,24,247,-91,-6,2147483647,2147483647,116,3,2147483647,2,500,-7.4280862,109.260665,0,0,0,2300,38750,null,null,null,null,,,null,null,null,null,null,
142,20200418140530,READY,IN_SERVICE,by.U-DiRumahAja,51010,0,LTE,IDLE,DISCONNECTED,NONE,0,0,1,0,0,0,2147483647,LTE,510,10,3942,44174616,172557,24,247,-91,-6,2147483647,2147483647,184,3,2147483647,2,500,-7.4280862,109.260665,0,0,0,2300,38750,null,null,null,null,,,null,null,null,null,null,
143,20200418140531,READY,IN_SERVICE,by.U-DiRumahAja,51010,0,LTE,IDLE,DISCONNECTED,NONE,0,0,1,0,0,0,2147483647,LTE,510,10,3942,44174616,172557,24,247,-91,-7,2147483647,2147483647,184,3,2147483647,2,500,-7.4280862,109.260665,0,0,0,2300,38750,null,null,null,null,,,null,null,null,null,null,
144,20200418140532,READY,IN_SERVICE,by.U-DiRumahAja,51010,0,LTE,IDLE,DISCONNECTED,NONE,0,0,1,0,0,0,2147483647,LTE,510,10,3942,44174616,172557,24,247,-91,-7,2147483647,2147483647,184,3,2147483647,2,500,-7.4280862,109.260665,0,0,0,2300,38750,null,null,null,null,,,null,null,null,null,null,
145,20200418140533,READY,IN_SERVICE,by.U-DiRumahAja,51010,0,LTE,IDLE,DISCONNECTED,NONE,0,0,1,0,0,0,2147483647,LTE,510,10,3942,44174616,172557,24,247,-91,-7,2147483647,2147483647,184,3,2147483647,2,500,-7.4280862,109.260665,0,0,0,2300,38750,null,null,null,null,,,null,null,null,null,null,
146,20200418140534,READY,IN_SERVICE,by.U-DiRumahAja,51010,0,LTE,IDLE,DISCONNECTED,NONE,0,0,1,0,0,0,2147483647,LTE,510,10,3942,44174616,172557,24,247,-91,-7,2147483647,2147483647,184,3,2147483647,2,500,-7.4280862,109.260665,0,0,0,2300,38750,null,null,null,null,,,null,null,null,null,null,
147,20200418140535,READY,IN_SERVICE,by.U-DiRumahAja,51010,0,LTE,IDLE,DISCONNECTED,NONE,0,0,1,0,0,0,2147483647,LTE,510,10,3942,44174616,172557,24,247,-91,-7,2147483647,2147483647,228,3,2147483647,2,500,-7.4280862,109.260665,0,0,0,2300,38750,null,null,null,null,,,null,null,null,null,null,
148,20200418140536,READY,IN_SERVICE,by.U-DiRumahAja,51010,0,LTE,IDLE,DISCONNECTED,NONE,0,0,1,0,0,0,2147483647,LTE,510,10,3942,44174616,172557,24,247,-92,-10,2147483647,2147483647,228,3,2147483647,2,500,-7.4280862,109.260665,0,0,0,2300,38750,null,null,null,null,,,null,null,null,null,null,
149,20200418140537,READY,IN_SERVICE,by.U-DiRumahAja,51010,0,LTE,IDLE,DISCONNECTED,NONE,0,0,1,0,0,0,2147483647,LTE,510,10,3942,44174616,172557,24,247,-92,-10,2147483647,2147483647,228,3,2147483647,2,1799,-7.4276313,109.2636386,0,0,0,2300,38750,null,null,null,null,,,null,null,null,null,null,
150,20200418140538,READY,IN_SERVICE,by.U-DiRumahAja,51010,0,LTE,IDLE,DISCONNECTED,NONE,0,0,1,0,0,0,2147483647,LTE,510,10,3942,44174616,172557,24,247,-92,-10,2147483647,2147483647,228,3,2147483647,2,1799,-7.4276313,109.2636386,0,0,0,2300,38750,null,null,null,null,,,null,null,null,null,null,
151,20200418140539,READY,IN_SERVICE,by.U-DiRumahAja,51010,0,LTE,IDLE,DISCONNECTED,NONE,0,0,1,0,0,0,2147483647,LTE,510,10,3942,44174616,172557,24,247,-98,-8,2147483647,2147483647,94,2,2147483647,2,1799,-7.4276313,109.2636386,0,0,0,2300,38750,null,null,null,null,,,null,null,null,null,null,
152,20200418140540,READY,IN_SERVICE,by.U-DiRumahAja,51010,0,LTE,IDLE,DISCONNECTED,NONE,0,0,1,0,0,0,2147483647,LTE,510,10,3942,44174616,172557,24,247,-98,-8,2147483647,2147483647,94,2,2147483647,2,1799,-7.4276313,109.2636386,0,0,0,2300,38750,null,null,null,null,,,null,null,null,null,null,
153,20200418140541,READY,IN_SERVICE,by.U-DiRumahAja,51010,0,LTE,IDLE,DISCONNECTED,NONE,0,0,1,0,0,0,2147483647,LTE,510,10,3942,44174616,172557,24,247,-98,-8,2147483647,2147483647,94,2,2147483647,2,1799,-7.4276313,109.2636386,0,0,0,2300,38750,null,null,null,null,,,null,null,null,null,null,
154,20200418140542,READY,IN_SERVICE,by.U-DiRumahAja,51010,0,LTE,IDLE,DISCONNECTED,NONE,0,0,1,0,0,0,2147483647,LTE,510,10,3942,44174616,172557,24,247,-91,-9,2147483647,2147483647,164,3,2147483647,2,1799,-7.4276313,109.2636386,0,0,0,2300,38750,null,null,null,null,,,null,null,null,null,null,
155,20200418140543,READY,IN_SERVICE,by.U-DiRumahAja,51010,0,LTE,IDLE,DISCONNECTED,NONE,0,0,1,0,0,0,2147483647,LTE,510,10,3942,44174616,172557,24,247,-91,-9,2147483647,2147483647,164,3,2147483647,2,1799,-7.4276313,109.2636386,0,0,0,2300,38750,null,null,null,null,,,null,null,null,null,null,
156,20200418140544,READY,IN_SERVICE,by.U-DiRumahAja,51010,0,LTE,IDLE,DISCONNECTED,NONE,0,0,1,0,0,0,2147483647,LTE,510,10,3942,44174616,172557,24,247,-94,-10,2147483647,2147483647,70,3,2147483647,2,1799,-7.4276313,109.2636386,0,0,0,2300,38750,null,null,null,null,,,null,null,null,null,null,
157,20200418140545,READY,IN_SERVICE,by.U-DiRumahAja,51010,0,LTE,IDLE,DISCONNECTED,NONE,0,0,1,0,0,0,2147483647,LTE,510,10,3942,44174616,172557,24,247,-94,-10,2147483647,2147483647,70,3,2147483647,2,1799,-7.4276313,109.2636386,0,0,0,2300,38750,null,null,null,null,,,null,null,null,null,null,
158,20200418140546,READY,IN_SERVICE,by.U-DiRumahAja,51010,0,LTE,IDLE,DISCONNECTED,NONE,0,0,1,0,0,0,2147483647,LTE,510,10,3942,44174616,172557,24,247,-94,-10,2147483647,2147483647,70,3,2147483647,2,1799,-7.4276313,109.2636386,0,0,0,2300,38750,null,null,null,null,,,null,null,null,null,null,
159,20200418140547,READY,IN_SERVICE,by.U-DiRumahAja,51010,0,LTE,IDLE,DISCONNECTED,NONE,0,0,1,0,0,0,2147483647,LTE,510,10,3942,44174616,172557,24,247,-95,-11,2147483647,2147483647,70,3,2147483647,2,1799,-7.4276313,109.2636386,0,0,0,2300,38750,null,null,null,null,,,null,null,null,null,null,
160,20200418140548,READY,IN_SERVICE,by.U-DiRumahAja,51010,0,LTE,IDLE,DISCONNECTED,NONE,0,0,1,0,0,0,2147483647,LTE,510,10,3942,44174616,172557,24,247,-95,-11,2147483647,2147483647,70,3,2147483647,2,1799,-7.4276313,109.2636386,0,0,0,2300,38750,null,null,null,null,,,null,null,null,null,null,
161,20200418140549,READY,IN_SERVICE,by.U-DiRumahAja,51010,0,LTE,IDLE,DISCONNECTED,NONE,0,0,1,0,0,0,2147483647,LTE,510,10,3942,44174616,172557,24,247,-95,-11,2147483647,2147483647,70,3,2147483647,2,1799,-7.4276313,109.2636386,0,0,0,2300,38750,null,null,null,null,,,null,null,null,null,null,
162,20200418140550,READY,IN_SERVICE,by.U-DiRumahAja,51010,0,LTE,IDLE,DISCONNECTED,NONE,0,0,1,0,0,0,2147483647,LTE,510,10,3942,44174616,172557,24,247,-84,-9,2147483647,2147483647,70,4,2147483647,2,1799,-7.4276313,109.2636386,0,0,0,2300,38750,null,null,null,null,,,null,null,null,null,null,
163,20200418140551,READY,IN_SERVICE,by.U-DiRumahAja,51010,0,LTE,IDLE,DISCONNECTED,NONE,0,0,1,0,0,0,2147483647,LTE,510,10,3942,44174616,172557,24,247,-84,-9,2147483647,2147483647,182,4,2147483647,2,1799,-7.4276313,109.2636386,0,0,0,2300,38750,null,null,null,null,,,null,null,null,null,null,
164,20200418140552,READY,IN_SERVICE,by.U-DiRumahAja,51010,0,LTE,IDLE,DISCONNECTED,NONE,0,0,1,0,0,0,2147483647,LTE,510,10,3942,44174616,172557,24,247,-88,-9,2147483647,2147483647,182,3,2147483647,2,1799,-7.4276313,109.2636386,0,0,0,2300,38750,null,null,null,null,,,null,null,null,null,null,
165,20200418140553,READY,IN_SERVICE,by.U-DiRumahAja,51010,0,LTE,IDLE,DISCONNECTED,NONE,0,0,1,0,0,0,2147483647,LTE,510,10,3942,44174616,172557,24,247,-88,-9,2147483647,2147483647,126,3,2147483647,2,1799,-7.4276313,109.2636386,0,0,0,2300,38750,null,null,null,null,,,null,null,null,null,null,
166,20200418140554,READY,IN_SERVICE,by.U-DiRumahAja,51010,0,LTE,IDLE,DISCONNECTED,NONE,0,0,1,0,0,0,2147483647,LTE,510,10,3942,44174616,172557,24,247,-88,-9,2147483647,2147483647,126,3,2147483647,2,1799,-7.4276313,109.2636386,0,0,0,2300,38750,null,null,null,null,,,null,null,null,null,null,
167,20200418140555,READY,IN_SERVICE,by.U-DiRumahAja,51010,0,LTE,IDLE,DISCONNECTED,NONE,0,0,1,0,0,0,2147483647,LTE,510,10,3942,44174616,172557,24,247,-97,-9,2147483647,2147483647,126,2,2147483647,2,1799,-7.4276313,109.2636386,0,0,0,2300,38750,null,null,null,null,,,null,null,null,null,null,
168,20200418140556,READY,IN_SERVICE,by.U-DiRumahAja,51010,0,LTE,IDLE,DISCONNECTED,NONE,0,0,1,0,0,0,2147483647,LTE,510,10,3942,44174616,172557,24,247,-97,-9,2147483647,2147483647,126,2,2147483647,2,1799,-7.4276313,109.2636386,0,0,0,2300,38750,null,null,null,null,,,null,null,null,null,null,
169,20200418140557,READY,IN_SERVICE,by.U-DiRumahAja,51010,0,LTE,IDLE,DISCONNECTED,NONE,0,0,1,0,0,0,2147483647,LTE,510,10,3942,44174616,172557,24,247,-90,-8,2147483647,2147483647,44,3,2147483647,2,1799,-7.4276313,109.2636386,0,0,0,2300,38750,null,null,null,null,,,null,null,null,null,null,
170,20200418140558,READY,IN_SERVICE,by.U-DiRumahAja,51010,0,LTE,IDLE,DISCONNECTED,NONE,0,0,1,0,0,0,2147483647,LTE,510,10,3942,44174616,172557,24,247,-90,-8,2147483647,2147483647,44,3,2147483647,2,1799,-7.4276313,109.2636386,0,0,0,2300,38750,null,null,null,null,,,null,null,null,null,null,
171,20200418140559,READY,IN_SERVICE,by.U-DiRumahAja,51010,0,LTE,IDLE,DISCONNECTED,NONE,0,0,1,0,0,0,2147483647,LTE,510,10,3942,44174616,172557,24,247,-100,-11,2147483647,2147483647,44,2,2147483647,2,1799,-7.4276313,109.2636386,0,0,0,2300,38750,null,null,null,null,,,null,null,null,null,null,
172,20200418140600,READY,IN_SERVICE,by.U-DiRumahAja,51010,0,LTE,IDLE,DISCONNECTED,NONE,0,0,1,0,0,0,2147483647,LTE,510,10,3942,44174616,172557,24,247,-100,-11,2147483647,2147483647,88,2,2147483647,2,1799,-7.4276313,109.2636386,0,0,0,2300,38750,null,null,null,null,,,null,null,null,null,null,
173,20200418140601,READY,IN_SERVICE,by.U-DiRumahAja,51010,0,LTE,IDLE,DISCONNECTED,NONE,0,0,1,0,0,0,2147483647,LTE,510,10,3942,44174616,172557,24,247,-100,-11,2147483647,2147483647,88,2,2147483647,2,1799,-7.4276313,109.2636386,0,0,0,2300,38750,null,null,null,null,,,null,null,null,null,null,
174,20200418140602,READY,IN_SERVICE,by.U-DiRumahAja,51010,0,LTE,IDLE,DISCONNECTED,NONE,0,0,1,0,0,0,2147483647,LTE,510,10,3942,44174616,172557,24,247,-99,-11,2147483647,2147483647,68,2,2147483647,2,1799,-7.4276313,109.2636386,0,0,0,2300,38750,null,null,null,null,,,null,null,null,null,null,
175,20200418140603,READY,IN_SERVICE,by.U-DiRumahAja,51010,0,LTE,IDLE,DISCONNECTED,NONE,0,0,1,0,0,0,2147483647,LTE,510,10,3942,44174616,172557,24,247,-99,-11,2147483647,2147483647,68,2,2147483647,2,1799,-7.4276313,109.2636386,0,0,0,2300,38750,null,null,null,null,,,null,null,null,null,null,
176,20200418140604,READY,IN_SERVICE,by.U-DiRumahAja,51010,0,LTE,IDLE,DISCONNECTED,NONE,0,0,1,0,0,0,2147483647,LTE,510,10,3942,44174616,172557,24,247,-99,-11,2147483647,2147483647,68,2,2147483647,2,1799,-7.4276313,109.2636386,0,0,0,2300,38750,null,null,null,null,,,null,null,null,null,null,
177,20200418140605,READY,IN_SERVICE,by.U-DiRumahAja,51010,0,LTE,IDLE,DISCONNECTED,NONE,0,0,1,0,0,0,2147483647,LTE,510,10,3942,44174616,172557,24,247,-101,-12,2147483647,2147483647,68,2,2147483647,2,1799,-7.4276313,109.2636386,0,0,0,2300,38750,null,null,null,null,,,null,null,null,null,null,
178,20200418140606,READY,IN_SERVICE,by.U-DiRumahAja,51010,0,LTE,IDLE,DISCONNECTED,NONE,0,0,1,0,0,0,2147483647,LTE,510,10,3942,44174616,172557,24,247,-101,-12,2147483647,2147483647,68,2,2147483647,2,1799,-7.4276313,109.2636386,0,0,0,2300,38750,null,null,null,null,,,null,null,null,null,null,
179,20200418140607,READY,IN_SERVICE,by.U-DiRumahAja,51010,0,LTE,IDLE,DISCONNECTED,NONE,0,0,1,0,0,0,2147483647,LTE,510,10,3942,44174616,172557,24,247,-101,-12,2147483647,2147483647,68,2,2147483647,2,1799,-7.4276313,109.2636386,0,0,0,2300,38750,null,null,null,null,,,null,null,null,null,null,
180,20200418140608,READY,IN_SERVICE,by.U-DiRumahAja,51010,0,LTE,IDLE,DISCONNECTED,NONE,0,0,1,0,0,0,2147483647,LTE,510,10,3942,44174616,172557,24,247,-97,-8,2147483647,2147483647,68,2,2147483647,2,1799,-7.4276313,109.2636386,0,0,0,2300,38750,null,null,null,null,,,null,null,null,null,null,
181,20200418140609,READY,IN_SERVICE,by.U-DiRumahAja,51010,0,LTE,IDLE,DISCONNECTED,NONE,0,0,1,0,0,0,2147483647,LTE,510,10,3942,44174616,172557,24,247,-97,-8,2147483647,2147483647,68,2,2147483647,2,1799,-7.4276313,109.2636386,0,0,0,2300,38750,null,null,null,null,,,null,null,null,null,null,
182,20200418140610,READY,IN_SERVICE,by.U-DiRumahAja,51010,0,LTE,IDLE,DISCONNECTED,NONE,0,0,1,0,0,0,2147483647,LTE,510,10,3942,44174616,172557,24,247,-86,-7,2147483647,2147483647,68,3,2147483647,2,1799,-7.4276313,109.2636386,0,0,0,2300,38750,null,null,null,null,,,null,null,null,null,null,
183,20200418140611,READY,IN_SERVICE,by.U-DiRumahAja,51010,0,LTE,IDLE,DISCONNECTED,NONE,0,0,1,0,0,0,2147483647,LTE,510,10,3942,44174616,172557,24,247,-86,-7,2147483647,2147483647,136,3,2147483647,2,1799,-7.4276313,109.2636386,0,0,0,2300,38750,null,null,null,null,,,null,null,null,null,null,
184,20200418140612,READY,IN_SERVICE,by.U-DiRumahAja,51010,0,LTE,IDLE,DISCONNECTED,NONE,0,0,1,0,0,0,2147483647,LTE,510,10,3942,44174616,172557,24,247,-92,-9,2147483647,2147483647,136,3,2147483647,2,1799,-7.4276313,109.2636386,0,0,0,2300,38750,null,null,null,null,,,null,null,null,null,null,
185,20200418140613,READY,IN_SERVICE,by.U-DiRumahAja,51010,0,LTE,IDLE,DISCONNECTED,NONE,0,0,1,0,0,0,2147483647,LTE,510,10,3942,44174616,172557,24,247,-92,-9,2147483647,2147483647,136,3,2147483647,2,1799,-7.4276313,109.2636386,0,0,0,2300,38750,null,null,null,null,,,null,null,null,null,null,
186,20200418140614,READY,IN_SERVICE,by.U-DiRumahAja,51010,0,LTE,IDLE,DISCONNECTED,NONE,0,0,1,0,0,0,2147483647,LTE,510,10,3942,44174616,172557,24,247,-92,-9,2147483647,2147483647,136,3,2147483647,2,1799,-7.4276313,109.2636386,0,0,0,2300,38750,null,null,null,null,,,null,null,null,null,null,
187,20200418140615,READY,IN_SERVICE,by.U-DiRumahAja,51010,0,LTE,IDLE,DISCONNECTED,NONE,0,0,1,0,0,0,2147483647,LTE,510,10,3942,44174616,172557,24,247,-99,-9,2147483647,2147483647,138,2,2147483647,2,1799,-7.4276313,109.2636386,0,0,0,2300,38750,null,null,null,null,,,null,null,null,null,null,
188,20200418140616,READY,IN_SERVICE,by.U-DiRumahAja,51010,0,LTE,IDLE,DISCONNECTED,NONE,0,0,1,0,0,0,2147483647,LTE,510,10,3942,44174616,172557,24,247,-99,-9,2147483647,2147483647,138,2,2147483647,2,1799,-7.4276313,109.2636386,0,0,0,2300,38750,null,null,null,null,,,null,null,null,null,null,
189,20200418140617,READY,IN_SERVICE,by.U-DiRumahAja,51010,0,LTE,IDLE,DISCONNECTED,NONE,0,0,1,0,0,0,2147483647,LTE,510,10,3942,44174616,172557,24,247,-101,-12,2147483647,2147483647,138,2,2147483647,2,1799,-7.4276313,109.2636386,0,0,0,2300,38750,null,null,null,null,,,null,null,null,null,null,
190,20200418140618,READY,IN_SERVICE,by.U-DiRumahAja,51010,0,LTE,IDLE,DISCONNECTED,NONE,0,0,1,0,0,0,2147483647,LTE,510,10,3942,44174616,172557,24,247,-101,-12,2147483647,2147483647,72,2,2147483647,2,1799,-7.4276313,109.2636386,0,0,0,2300,38750,null,null,null,null,,,null,null,null,null,null,
191,20200418140619,READY,IN_SERVICE,by.U-DiRumahAja,51010,0,LTE,IDLE,DISCONNECTED,NONE,0,0,1,0,0,0,2147483647,LTE,510,10,3942,44174616,172557,24,247,-101,-12,2147483647,2147483647,72,2,2147483647,2,1799,-7.4276313,109.2636386,0,0,0,2300,38750,null,null,null,null,,,null,null,null,null,null,
192,20200418140620,READY,IN_SERVICE,by.U-DiRumahAja,51010,0,LTE,IDLE,DISCONNECTED,NONE,0,0,1,0,0,0,2147483647,LTE,510,10,3942,44174616,172557,24,247,-96,-8,2147483647,2147483647,116,2,2147483647,2,1799,-7.4276313,109.2636386,0,0,0,2300,38750,null,null,null,null,,,null,null,null,null,null,
193,20200418140621,READY,IN_SERVICE,by.U-DiRumahAja,51010,0,LTE,IDLE,DISCONNECTED,NONE,0,0,1,0,0,0,2147483647,LTE,510,10,3942,44174616,172557,24,247,-96,-8,2147483647,2147483647,116,2,2147483647,2,1799,-7.4276313,109.2636386,0,0,0,2300,38750,null,null,null,null,,,null,null,null,null,null,
194,20200418140622,READY,IN_SERVICE,by.U-DiRumahAja,51010,0,LTE,IDLE,DISCONNECTED,NONE,0,0,1,0,0,0,2147483647,LTE,510,10,3942,44174616,172557,24,247,-99,-12,2147483647,2147483647,116,2,2147483647,2,1799,-7.4276313,109.2636386,0,0,0,2300,38750,null,null,null,null,,,null,null,null,null,null,
195,20200418140623,READY,IN_SERVICE,by.U-DiRumahAja,51010,0,LTE,IDLE,DISCONNECTED,NONE,0,0,1,0,0,0,2147483647,LTE,510,10,3942,44174616,172557,24,247,-99,-12,2147483647,2147483647,116,2,2147483647,2,1799,-7.4276313,109.2636386,0,0,0,2300,38750,null,null,null,null,,,null,null,null,null,null,
196,20200418140624,READY,IN_SERVICE,by.U-DiRumahAja,51010,0,LTE,IDLE,DISCONNECTED,NONE,0,0,1,0,0,0,2147483647,LTE,510,10,3942,44174616,172557,24,247,-99,-10,2147483647,2147483647,116,2,2147483647,2,1799,-7.4276313,109.2636386,0,0,0,2300,38750,null,null,null,null,,,null,null,null,null,null,
197,20200418140625,READY,IN_SERVICE,by.U-DiRumahAja,51010,0,LTE,IDLE,DISCONNECTED,NONE,0,0,1,0,0,0,2147483647,LTE,510,10,3942,44174616,172557,24,247,-99,-10,2147483647,2147483647,116,2,2147483647,2,1799,-7.4276313,109.2636386,0,0,0,2300,38750,null,null,null,null,,,null,null,null,null,null,
198,20200418140626,READY,IN_SERVICE,by.U-DiRumahAja,51010,0,LTE,IDLE,DISCONNECTED,NONE,0,0,1,0,2,0,-93,LTE,510,10,3942,44174616,172557,24,247,-104,-19,2147483647,2147483647,44,2,2147483647,2,1799,-7.4276313,109.2636386,0,0,0,2300,38750,null,null,null,null,,,null,null,null,null,null,
199,20200418140627,READY,IN_SERVICE,by.U-DiRumahAja,51010,0,LTE,IDLE,DISCONNECTED,NONE,0,0,1,0,2,0,-93,LTE,510,10,3942,44174616,172557,24,247,-104,-19,2147483647,2147483647,44,2,2147483647,2,1799,-7.4276313,109.2636386,0,0,0,2300,38750,null,null,null,null,,,null,null,null,null,null,
200,20200418140628,READY,IN_SERVICE,by.U-DiRumahAja,51010,0,LTE,IDLE,DISCONNECTED,NONE,0,0,1,0,2,0,-93,LTE,510,10,3942,44174616,172557,24,247,-104,-19,2147483647,2147483647,44,2,2147483647,2,1799,-7.4276313,109.2636386,0,0,0,2300,38750,null,null,null,null,,,null,null,null,null,null,
201,20200418140629,READY,IN_SERVICE,by.U-DiRumahAja,51010,0,LTE,IDLE,DISCONNECTED,NONE,0,0,1,0,3,0,-88,LTE,510,10,3942,44174616,172557,24,247,-105,-19,2147483647,2147483647,-146,2,2147483647,2,1799,-7.4276313,109.2636386,0,0,0,2300,38750,null,null,null,null,,,null,null,null,null,null,
202,20200418140630,READY,IN_SERVICE,by.U-DiRumahAja,51010,0,LTE,IDLE,DISCONNECTED,NONE,0,0,1,0,3,0,-88,LTE,510,10,3942,44174616,172557,24,247,-105,-19,2147483647,2147483647,-146,2,2147483647,2,1799,-7.4276313,109.2636386,0,0,0,2300,38750,null,null,null,null,,,null,null,null,null,null,